N° ticket;Qté;DateAchat;CodeArticle
10400;1;30/09/2019;TR0024
10400;1;30/09/2019;FR1214
10400;3;30/09/2019;FR1220
10401;2;30/09/2019;TR0031
10401;1;30/09/2019;TR0040
10401;2;30/09/2019;TR0046
10401;2;30/09/2019;FR1215
10402;2;30/09/2019;FR1208
10402;2;30/09/2019;TR0038
10403;1;30/09/2019;FR1201
10403;2;30/09/2019;TR0023
10404;1;30/09/2019;FR1211
10404;1;30/09/2019;TR0017
10394;2;29/09/2019;CR2013
10395;1;29/09/2019;TR0021
10395;2;29/09/2019;TR0028
10395;2;29/09/2019;TR0044
10396;1;29/09/2019;TR0047
10396;1;29/09/2019;FR1208
10396;2;29/09/2019;TR0046
10397;2;29/09/2019;TR0026
10397;2;29/09/2019;FR1206
10398;2;29/09/2019;TR0030
10398;1;29/09/2019;FR1220
10399;2;29/09/2019;TR0043
10399;1;29/09/2019;TR0046
10399;1;29/09/2019;TR0051
10399;2;29/09/2019;TR0052
10393;1;28/09/2019;FR1216
10393;1;28/09/2019;CR2002
10393;1;28/09/2019;CR2014
10393;2;28/09/2019;FR1211
10393;2;28/09/2019;FR1210
10394;2;28/09/2019;TR0037
10388;2;27/09/2019;TR0020
10388;1;27/09/2019;TR0027
10389;1;27/09/2019;TR0045
10389;2;27/09/2019;CR2010
10389;2;27/09/2019;TR0030
10389;1;27/09/2019;TR0037
10390;1;27/09/2019;TR0047
10390;1;27/09/2019;FR1220
10390;1;27/09/2019;TR0021
10390;2;27/09/2019;FR1216
10391;2;27/09/2019;CR2013
10392;2;27/09/2019;TR0044
10387;5;26/09/2019;TR0046
10387;2;26/09/2019;TR0034
10387;2;26/09/2019;FR1213
10387;2;26/09/2019;FR1209
10388;1;26/09/2019;TR0028
10385;2;25/09/2019;TR0043
10386;2;25/09/2019;FR1219
10386;2;25/09/2019;FR1209
10380;2;24/09/2019;TR0035
10380;1;24/09/2019;TR0045
10380;1;24/09/2019;TR0028
10380;2;24/09/2019;FR1215
10381;2;24/09/2019;TR0049
10382;2;24/09/2019;FR1214
10382;1;24/09/2019;CR2005
10382;2;24/09/2019;FR1203
10382;2;24/09/2019;TR0049
10382;2;24/09/2019;FR1218
10383;1;24/09/2019;TR0031
10383;1;24/09/2019;CR2013
10383;2;24/09/2019;TR0025
10384;2;24/09/2019;TR0035
10384;1;24/09/2019;FR1205
10385;2;24/09/2019;CR2007
10385;1;24/09/2019;TR0035
10373;2;23/09/2019;TR0033
10373;2;23/09/2019;TR0046
10374;1;23/09/2019;FR1216
10374;2;23/09/2019;TR0033
10375;2;23/09/2019;TR0029
10375;2;23/09/2019;CR2014
10376;1;23/09/2019;FR1216
10377;1;23/09/2019;TR0014
10377;1;23/09/2019;FR1213
10378;2;23/09/2019;TR0046
10379;2;23/09/2019;TR0016
10379;2;23/09/2019;TR0038
10379;1;23/09/2019;TR0040
10367;1;22/09/2019;FR1219
10367;2;22/09/2019;TR0029
10367;2;22/09/2019;TR0040
10367;2;22/09/2019;TR0052
10368;1;22/09/2019;TR0032
10368;2;22/09/2019;FR1213
10368;4;22/09/2019;TR0039
10368;2;22/09/2019;FR1206
10369;2;22/09/2019;TR0031
10369;1;22/09/2019;FR1214
10370;2;22/09/2019;CR2001
10370;1;22/09/2019;TR0049
10370;1;22/09/2019;TR0039
10371;2;22/09/2019;FR1221
10372;2;22/09/2019;FR1205
10372;1;22/09/2019;TR0013
10372;2;22/09/2019;TR0035
10372;1;22/09/2019;TR0047
10355;1;21/09/2019;TR0032
10356;2;21/09/2019;TR0030
10356;1;21/09/2019;TR0044
10356;1;21/09/2019;FR1216
10357;2;21/09/2019;FR1211
10357;2;21/09/2019;TR0035
10357;1;21/09/2019;CR2010
10358;2;21/09/2019;FR1209
10358;2;21/09/2019;FR1219
10358;1;21/09/2019;FR1221
10359;2;21/09/2019;FR1201
10359;2;21/09/2019;FR1216
10359;2;21/09/2019;TR0035
10360;1;21/09/2019;FR1213
10360;1;21/09/2019;TR0024
10360;2;21/09/2019;TR0013
10360;1;21/09/2019;FR1214
10360;1;21/09/2019;TR0029
10361;2;21/09/2019;TR0014
10361;2;21/09/2019;TR0035
10362;2;21/09/2019;FR1210
10362;1;21/09/2019;TR0026
10362;1;21/09/2019;TR0029
10363;2;21/09/2019;TR0050
10363;2;21/09/2019;TR0051
10363;1;21/09/2019;FR1216
10364;2;21/09/2019;TR0046
10364;1;21/09/2019;TR0044
10365;1;21/09/2019;CR2011
10366;2;21/09/2019;TR0040
10366;2;21/09/2019;TR0052
10345;2;20/09/2019;TR0017
10346;3;20/09/2019;FR1202
10346;1;20/09/2019;TR0031
10347;2;20/09/2019;TR0014
10347;2;20/09/2019;TR0015
10347;2;20/09/2019;TR0050
10347;2;20/09/2019;FR1210
10348;2;20/09/2019;CR2001
10348;1;20/09/2019;FR1208
10349;1;20/09/2019;TR0029
10350;2;20/09/2019;TR0025
10350;2;20/09/2019;TR0044
10351;2;20/09/2019;TR0019
10351;2;20/09/2019;TR0016
10351;2;20/09/2019;TR0040
10351;1;20/09/2019;TR0013
10352;2;20/09/2019;FR1209
10352;1;20/09/2019;TR0029
10353;2;20/09/2019;TR0013
10353;2;20/09/2019;CR2011
10354;2;20/09/2019;CR2001
10354;2;20/09/2019;FR1214
10355;1;20/09/2019;FR1209
10340;1;19/09/2019;TR0018
10340;2;19/09/2019;TR0016
10341;2;19/09/2019;FR1218
10341;2;19/09/2019;TR0034
10342;1;19/09/2019;TR0030
10342;1;19/09/2019;FR1221
10342;2;19/09/2019;FR1216
10342;1;19/09/2019;CR2002
10343;2;19/09/2019;TR0051
10343;2;19/09/2019;TR0043
10343;2;19/09/2019;TR0039
10344;2;19/09/2019;CR2008
10344;1;19/09/2019;CR2004
10345;2;19/09/2019;FR1204
10345;2;19/09/2019;CR2008
10332;2;18/09/2019;TR0017
10332;2;18/09/2019;TR0022
10332;1;18/09/2019;FR1203
10333;2;18/09/2019;CR2014
10333;1;18/09/2019;TR0046
10333;2;18/09/2019;FR1206
10334;2;18/09/2019;TR0043
10334;2;18/09/2019;TR0027
10335;1;18/09/2019;FR1216
10335;2;18/09/2019;FR1217
10335;2;18/09/2019;CR2002
10335;1;18/09/2019;TR0026
10336;2;18/09/2019;CR2004
10337;1;18/09/2019;FR1208
10337;1;18/09/2019;TR0047
10337;1;18/09/2019;TR0012
10337;1;18/09/2019;FR1211
10337;1;18/09/2019;FR1221
10338;2;18/09/2019;FR1215
10338;1;18/09/2019;FR1202
10339;2;18/09/2019;CR2004
10339;2;18/09/2019;FR1202
10339;1;18/09/2019;TR0037
10340;1;18/09/2019;FR1203
10325;2;17/09/2019;CR2006
10325;2;17/09/2019;CR2013
10326;1;17/09/2019;CR2004
10326;2;17/09/2019;TR0050
10326;2;17/09/2019;TR0032
10327;5;17/09/2019;CR2011
10327;1;17/09/2019;FR1215
10327;1;17/09/2019;TR0033
10327;1;17/09/2019;CR2002
10328;2;17/09/2019;TR0043
10328;2;17/09/2019;TR0034
10328;1;17/09/2019;TR0040
10329;2;17/09/2019;TR0031
10329;1;17/09/2019;TR0013
10329;2;17/09/2019;FR1215
10329;2;17/09/2019;FR1204
10330;2;17/09/2019;FR1211
10330;1;17/09/2019;TR0047
10331;2;17/09/2019;TR0029
10310;2;16/09/2019;TR0037
10310;2;16/09/2019;FR1201
10311;2;16/09/2019;TR0017
10311;2;16/09/2019;TR0044
10312;2;16/09/2019;FR1213
10312;1;16/09/2019;TR0028
10312;2;16/09/2019;TR0050
10312;1;16/09/2019;TR0018
10313;2;16/09/2019;FR1221
10314;1;16/09/2019;FR1217
10314;1;16/09/2019;TR0033
10314;1;16/09/2019;TR0037
10315;2;16/09/2019;FR1219
10315;1;16/09/2019;TR0045
10316;2;16/09/2019;TR0037
10316;2;16/09/2019;TR0016
10317;1;16/09/2019;CR2001
10318;2;16/09/2019;TR0051
10318;1;16/09/2019;TR0016
10319;1;16/09/2019;TR0051
10319;2;16/09/2019;FR1213
10319;2;16/09/2019;FR1202
10320;1;16/09/2019;TR0046
10321;2;16/09/2019;FR1220
10322;1;16/09/2019;TR0027
10323;2;16/09/2019;CR2015
10323;2;16/09/2019;TR0014
10323;2;16/09/2019;FR1210
10324;2;16/09/2019;TR0038
10324;1;16/09/2019;TR0034
10324;7;16/09/2019;TR0021
10324;2;16/09/2019;FR1220
10324;1;16/09/2019;FR1201
10325;2;16/09/2019;CR2014
10325;1;16/09/2019;TR0047
10325;2;16/09/2019;FR1216
10414;2;16/09/2019;FR1218
10414;2;16/09/2019;FR1204
10415;1;16/09/2019;FR1218
10415;2;16/09/2019;FR1202
10416;1;16/09/2019;FR1204
10416;2;16/09/2019;TR0028
10416;1;16/09/2019;TR0032
11082;2;16/09/2019;TR0019
10305;1;15/09/2019;TR0014
10305;1;15/09/2019;FR1214
10306;2;15/09/2019;FR1215
10306;2;15/09/2019;TR0028
10306;2;15/09/2019;TR0029
10307;2;15/09/2019;TR0043
10307;2;15/09/2019;TR0037
10308;1;15/09/2019;TR0044
10308;2;15/09/2019;TR0045
10309;1;15/09/2019;CR2004
10309;1;15/09/2019;CR2006
10309;2;15/09/2019;TR0046
10309;1;15/09/2019;TR0018
10309;2;15/09/2019;TR0017
10408;2;15/09/2019;TR0012
10408;2;15/09/2019;TR0029
10408;1;15/09/2019;TR0037
10409;2;15/09/2019;CR2014
10409;2;15/09/2019;FR1206
10410;2;15/09/2019;TR0034
10410;1;15/09/2019;FR1218
10411;1;15/09/2019;TR0016
10411;1;15/09/2019;TR0019
10411;2;15/09/2019;TR0034
10412;1;15/09/2019;CR2014
10413;2;15/09/2019;TR0051
10413;1;15/09/2019;CR2001
10413;1;15/09/2019;TR0037
10300;1;14/09/2019;TR0043
10300;1;14/09/2019;TR0041
10301;2;14/09/2019;TR0015
10301;1;14/09/2019;TR0031
10302;2;14/09/2019;TR0018
10302;1;14/09/2019;FR1202
10302;1;14/09/2019;FR1213
10303;2;14/09/2019;TR0043
10303;1;14/09/2019;TR0040
10303;1;14/09/2019;TR0015
10304;1;14/09/2019;TR0024
10304;2;14/09/2019;TR0046
10304;2;14/09/2019;TR0034
10305;1;14/09/2019;FR1203
10407;2;14/09/2019;TR0046
10407;2;14/09/2019;TR0044
10293;2;13/09/2019;TR0038
10293;2;13/09/2019;TR0050
10293;2;13/09/2019;FR1209
10294;2;13/09/2019;CR2001
10294;2;13/09/2019;TR0050
10294;1;13/09/2019;TR0035
10294;2;13/09/2019;FR1202
10294;2;13/09/2019;TR0018
10295;2;13/09/2019;TR0031
10296;2;13/09/2019;TR0044
10296;1;13/09/2019;FR1201
10296;2;13/09/2019;CR2011
10297;2;13/09/2019;TR0014
10297;1;13/09/2019;TR0047
10298;1;13/09/2019;FR1221
10298;1;13/09/2019;CR2002
10298;1;13/09/2019;TR0034
10298;2;13/09/2019;TR0037
10299;2;13/09/2019;FR1204
10299;1;13/09/2019;TR0045
10287;1;12/09/2019;FR1201
10288;2;12/09/2019;TR0029
10288;2;12/09/2019;TR0043
10289;2;12/09/2019;TR0039
10289;1;12/09/2019;CR2003
10290;2;12/09/2019;TR0024
10290;2;12/09/2019;FR1214
10290;1;12/09/2019;CR2005
10290;2;12/09/2019;TR0052
10291;2;12/09/2019;TR0026
10291;1;12/09/2019;TR0019
10291;1;12/09/2019;CR2013
10292;1;12/09/2019;FR1205
10293;2;12/09/2019;FR1203
10421;2;12/09/2019;TR0052
10422;2;12/09/2019;FR1211
10423;1;12/09/2019;TR0034
10423;2;12/09/2019;FR1216
10424;2;12/09/2019;FR1220
10424;1;12/09/2019;TR0013
10283;1;11/09/2019;TR0035
10283;2;11/09/2019;TR0047
10283;2;11/09/2019;FR1204
10284;2;11/09/2019;FR1212
10284;1;11/09/2019;TR0019
10284;1;11/09/2019;TR0035
10284;2;11/09/2019;TR0042
10285;1;11/09/2019;CR2001
10285;1;11/09/2019;TR0015
10285;1;11/09/2019;TR0028
10286;1;11/09/2019;TR0037
10286;2;11/09/2019;FR1220
10287;4;11/09/2019;TR0021
10287;1;11/09/2019;FR1219
10417;2;11/09/2019;TR0013
10418;2;11/09/2019;TR0022
10418;2;11/09/2019;TR0036
10418;2;11/09/2019;CR2002
10418;2;11/09/2019;TR0049
10419;2;11/09/2019;TR0035
10419;1;11/09/2019;TR0044
10420;1;11/09/2019;CR2009
10420;1;11/09/2019;TR0048
10420;2;11/09/2019;TR0045
10420;2;11/09/2019;CR2013
10421;2;11/09/2019;FR1204
10421;1;11/09/2019;FR1211
10421;2;11/09/2019;TR0028
10279;2;10/09/2019;FR1202
10280;1;10/09/2019;TR0050
10280;2;10/09/2019;FR1209
10280;1;10/09/2019;TR0030
10281;2;10/09/2019;FR1220
10281;2;10/09/2019;FR1209
10281;1;10/09/2019;FR1204
10282;2;10/09/2019;TR0032
10282;2;10/09/2019;FR1215
10283;1;10/09/2019;CR2015
10417;1;10/09/2019;TR0043
10417;1;10/09/2019;TR0052
10417;2;10/09/2019;TR0021
10271;1;09/09/2019;FR1218
10272;2;09/09/2019;FR1205
10272;1;09/09/2019;FR1216
10272;1;09/09/2019;TR0047
10273;1;09/09/2019;TR0051
10273;1;09/09/2019;CR2010
10273;2;09/09/2019;FR1216
10273;1;09/09/2019;FR1218
10273;2;09/09/2019;TR0015
10274;2;09/09/2019;TR0047
10274;1;09/09/2019;TR0046
10275;2;09/09/2019;TR0034
10275;2;09/09/2019;FR1209
10276;2;09/09/2019;CR2013
10276;2;09/09/2019;CR2010
10277;2;09/09/2019;TR0037
10277;1;09/09/2019;FR1213
10278;2;09/09/2019;TR0019
10278;1;09/09/2019;TR0048
10278;2;09/09/2019;TR0034
10278;2;09/09/2019;TR0038
10267;2;08/09/2019;TR0051
10267;2;08/09/2019;TR0015
10267;2;08/09/2019;TR0034
10268;2;08/09/2019;TR0047
10268;2;08/09/2019;FR1214
10269;1;08/09/2019;TR0047
10269;2;08/09/2019;FR1218
10270;1;08/09/2019;TR0018
10270;1;08/09/2019;FR1221
10262;2;07/09/2019;CR2005
10262;2;07/09/2019;TR0031
10262;2;07/09/2019;CR2007
10263;1;07/09/2019;TR0049
10263;2;07/09/2019;FR1215
10263;1;07/09/2019;FR1209
10263;2;07/09/2019;FR1201
10264;3;07/09/2019;TR0016
10264;1;07/09/2019;CR2002
10265;1;07/09/2019;FR1202
10265;1;07/09/2019;TR0045
10266;2;07/09/2019;CR2012
10260;1;06/09/2019;TR0045
10260;2;06/09/2019;TR0037
10260;2;06/09/2019;TR0016
10261;1;06/09/2019;FR1220
10261;1;06/09/2019;FR1206
10254;1;05/09/2019;TR0030
10255;1;05/09/2019;FR1201
10255;1;05/09/2019;FR1221
10255;1;05/09/2019;CR2002
10255;1;05/09/2019;TR0034
10256;2;05/09/2019;TR0052
10256;2;05/09/2019;TR0028
10257;1;05/09/2019;FR1212
10257;2;05/09/2019;TR0014
10257;2;05/09/2019;TR0052
10258;2;05/09/2019;CR2002
10258;2;05/09/2019;CR2005
10258;2;05/09/2019;FR1217
10259;2;05/09/2019;FR1206
10259;1;05/09/2019;TR0012
10260;2;05/09/2019;TR0032
10252;1;04/09/2019;FR1205
10252;1;04/09/2019;FR1218
10253;1;04/09/2019;TR0024
10253;1;04/09/2019;TR0014
10253;1;04/09/2019;FR1216
10254;1;04/09/2019;TR0049
10254;2;04/09/2019;FR1209
10248;3;03/09/2019;TR0103
10248;2;03/09/2019;TR0102
10248;3;03/09/2019;TR0100
10248;2;03/09/2019;TR0047
10248;1;03/09/2019;TR0101
10249;2;03/09/2019;CR2014
10249;1;03/09/2019;TR0026
10250;2;03/09/2019;TR0016
10250;1;03/09/2019;TR0026
10250;2;03/09/2019;TR0040
10251;2;03/09/2019;TR0032
10251;1;03/09/2019;TR0040
10251;2;03/09/2019;FR1207
10252;1;03/09/2019;TR0035
10248;2;02/09/2019;TR0105
10248;2;02/09/2019;TR0017
10248;3;02/09/2019;TR0109
10248;1;02/09/2019;TR0110
10248;3;02/09/2019;TR0106
10248;2;02/09/2019;TR0099
10248;1;02/09/2019;TR0098
10248;3;02/09/2019;TR0097
10248;1;02/09/2019;TR0107
10248;1;02/09/2019;TR0095
10248;2;02/09/2019;TR0096
10248;1;02/09/2019;TR0104
10406;2;02/09/2019;TR0015
10406;2;02/09/2019;CR2001
10406;1;02/09/2019;FR1206
10407;1;02/09/2019;CR2011
10248;2;01/09/2019;TR0108
10248;3;01/09/2019;TR0115
10248;2;01/09/2019;CR2011
10248;2;01/09/2019;TR0111
10248;3;01/09/2019;TR0112
10248;1;01/09/2019;TR0113
10248;2;01/09/2019;TR0114
10248;2;01/09/2019;TR0117
10248;1;01/09/2019;TR0116
10404;1;01/09/2019;TR0024
10405;2;01/09/2019;CR2003
10406;2;01/09/2019;FR1221
10406;1;01/09/2019;FR1213
10424;1;01/10/2019;TR0043
10425;2;01/10/2019;TR0030
10425;1;01/10/2019;TR0051
10426;2;01/10/2019;TR0031
10426;2;01/10/2019;TR0039
10427;1;01/10/2019;CR2014
10428;1;01/10/2019;TR0021
10429;1;01/10/2019;TR0025
10429;1;01/10/2019;TR0038
10430;2;01/10/2019;TR0034
10430;1;01/10/2019;FR1202
10430;2;01/10/2019;FR1206
10430;1;01/10/2019;TR0031
10431;1;01/10/2019;TR0022
10431;2;01/10/2019;FR1202
10431;2;01/10/2019;TR0015
10432;2;01/10/2019;FR1211
10432;1;01/10/2019;TR0029
10433;1;01/10/2019;TR0031
10434;2;01/10/2019;CR2011
10434;2;02/10/2019;TR0051
10435;2;02/10/2019;CR2002
10435;2;02/10/2019;FR1207
10435;2;02/10/2019;TR0047
10436;1;02/10/2019;TR0050
10436;2;02/10/2019;TR0021
10436;1;02/10/2019;TR0031
10436;1;02/10/2019;TR0039
10437;2;02/10/2019;TR0028
10438;2;02/10/2019;FR1204
10438;1;02/10/2019;FR1219
10438;2;02/10/2019;TR0032
10439;2;02/10/2019;CR2012
10439;2;02/10/2019;FR1201
10439;2;02/10/2019;TR0039
10439;1;02/10/2019;TR0049
10440;1;02/10/2019;FR1201
10440;1;02/10/2019;FR1214
10440;1;02/10/2019;CR2002
10440;2;02/10/2019;TR0036
10441;2;02/10/2019;FR1212
10442;1;02/10/2019;CR2011
10442;2;02/10/2019;TR0029
10442;2;02/10/2019;TR0041
10443;2;02/10/2019;CR2011
10443;2;02/10/2019;FR1213
10444;2;02/10/2019;FR1202
10444;2;02/10/2019;FR1211
10444;2;02/10/2019;FR1220
10444;1;02/10/2019;TR0016
10445;2;03/10/2019;TR0014
10445;2;03/10/2019;TR0029
10446;2;03/10/2019;FR1204
10446;1;03/10/2019;FR1209
10446;2;03/10/2019;FR1216
10446;2;03/10/2019;TR0027
10447;5;03/10/2019;TR0046
10447;1;03/10/2019;FR1204
10447;1;03/10/2019;TR0040
10448;2;03/10/2019;FR1211
10448;1;03/10/2019;TR0015
10449;2;03/10/2019;CR2010
10449;1;03/10/2019;TR0027
10449;1;03/10/2019;TR0037
10450;1;03/10/2019;CR2010
10450;2;03/10/2019;TR0029
10451;2;03/10/2019;TR0052
10451;1;03/10/2019;TR0040
10451;1;03/10/2019;TR0039
10451;2;03/10/2019;TR0030
10452;2;03/10/2019;TR0019
10452;2;03/10/2019;FR1213
10453;2;03/10/2019;TR0023
10453;1;03/10/2019;TR0045
10454;2;03/10/2019;TR0021
10454;1;03/10/2019;FR1201
10454;1;03/10/2019;FR1218
10455;1;03/10/2019;TR0046
10455;1;03/10/2019;TR0036
10455;1;03/10/2019;TR0014
10455;2;03/10/2019;TR0028
10456;1;03/10/2019;FR1206
10456;1;03/10/2019;TR0024
10457;1;03/10/2019;TR0034
10458;1;03/10/2019;FR1211
10458;2;03/10/2019;TR0046
10458;2;03/10/2019;TR0031
10458;1;03/10/2019;TR0018
10458;1;03/10/2019;FR1213
10459;2;03/10/2019;CR2007
10459;1;03/10/2019;TR0021
10459;1;03/10/2019;TR0047
10460;1;03/10/2019;TR0043
10460;2;03/10/2019;TR0050
10461;1;03/10/2019;FR1206
10461;1;03/10/2019;FR1215
10461;2;03/10/2019;TR0030
10462;1;03/10/2019;CR2013
10462;1;03/10/2019;FR1208
10463;1;03/10/2019;FR1204
10463;2;03/10/2019;TR0017
10464;2;03/10/2019;TR0018
10464;1;03/10/2019;TR0031
10464;1;03/10/2019;TR0035
10464;2;03/10/2019;CR2004
10465;1;03/10/2019;FR1209
10465;2;04/10/2019;FR1214
10465;1;04/10/2019;TR0015
10465;1;04/10/2019;TR0020
10465;1;04/10/2019;TR0025
10466;2;04/10/2019;CR2011
10466;2;04/10/2019;TR0021
10467;2;04/10/2019;FR1210
10467;1;04/10/2019;FR1209
10468;2;04/10/2019;FR1215
10468;2;04/10/2019;TR0018
10469;2;04/10/2019;TR0019
10469;1;04/10/2019;CR2002
10469;1;04/10/2019;FR1201
10470;2;04/10/2019;TR0039
10470;2;04/10/2019;FR1208
10470;1;05/10/2019;FR1203
10471;7;05/10/2019;CR2007
10471;1;05/10/2019;TR0031
10472;2;05/10/2019;FR1209
10472;2;05/10/2019;TR0026
10473;2;05/10/2019;FR1218
10473;2;05/10/2019;TR0046
10474;2;05/10/2019;CR2014
10474;2;05/10/2019;TR0050
10474;2;05/10/2019;FR1213
10474;1;05/10/2019;TR0015
10475;1;05/10/2019;FR1216
10475;2;05/10/2019;TR0041
10475;1;05/10/2019;TR0051
10476;2;05/10/2019;TR0045
10476;2;05/10/2019;TR0030
10477;1;05/10/2019;TR0014
10477;1;05/10/2019;FR1206
10477;2;05/10/2019;CR2001
10478;1;05/10/2019;CR2010
10479;1;05/10/2019;TR0013
10479;1;05/10/2019;TR0028
10479;2;05/10/2019;TR0034
10479;1;05/10/2019;TR0039
10480;1;05/10/2019;TR0022
10480;2;05/10/2019;TR0034
10481;1;05/10/2019;TR0035
10481;1;05/10/2019;TR0024
10482;2;05/10/2019;TR0015
10483;1;05/10/2019;FR1219
10483;1;05/10/2019;TR0052
10484;2;05/10/2019;TR0015
10484;2;05/10/2019;TR0026
10484;2;05/10/2019;FR1206
10485;1;05/10/2019;CR2002
10485;1;05/10/2019;CR2003
10485;1;05/10/2019;TR0030
10485;2;05/10/2019;TR0045
10486;2;05/10/2019;TR0049
10486;2;05/10/2019;CR2011
10486;1;05/10/2019;TR0026
10487;1;05/10/2019;TR0029
10487;2;05/10/2019;FR1204
10487;1;05/10/2019;FR1211
10488;1;05/10/2019;TR0034
10488;1;05/10/2019;TR0048
10489;2;05/10/2019;CR2011
10489;2;05/10/2019;FR1201
10490;1;05/10/2019;TR0043
10490;1;05/10/2019;TR0050
10490;2;05/10/2019;TR0034
10491;2;05/10/2019;TR0019
10491;2;05/10/2019;TR0052
10492;2;05/10/2019;FR1210
10492;1;05/10/2019;TR0017
10493;2;05/10/2019;TR0044
10493;2;05/10/2019;TR0040
10493;2;05/10/2019;TR0041
10494;1;05/10/2019;TR0031
10495;1;05/10/2019;TR0016
10495;2;05/10/2019;TR0052
10495;2;05/10/2019;FR1208
10496;1;05/10/2019;FR1216
10497;2;06/10/2019;TR0031
10497;1;06/10/2019;TR0047
10497;1;06/10/2019;TR0052
10498;2;06/10/2019;FR1209
10498;2;06/10/2019;TR0015
10498;1;06/10/2019;TR0017
10499;1;06/10/2019;FR1213
10499;1;06/10/2019;TR0024
10500;2;06/10/2019;CR2015
10500;2;06/10/2019;FR1213
10501;1;06/10/2019;TR0029
10502;1;06/10/2019;TR0020
10502;2;06/10/2019;TR0028
10502;1;06/10/2019;TR0042
10503;2;06/10/2019;CR2014
10503;1;07/10/2019;TR0040
10504;2;07/10/2019;CR2002
10504;2;07/10/2019;FR1206
10504;2;07/10/2019;TR0028
10504;1;07/10/2019;TR0036
10505;2;07/10/2019;TR0037
10506;2;07/10/2019;TR0045
10506;2;07/10/2019;FR1210
10507;2;07/10/2019;TR0018
10507;2;07/10/2019;TR0023
10508;2;07/10/2019;CR2013
10508;2;07/10/2019;TR0014
10509;2;07/10/2019;FR1213
10510;1;07/10/2019;FR1214
10510;1;07/10/2019;TR0050
10511;2;07/10/2019;CR2007
10511;2;07/10/2019;CR2008
10511;2;07/10/2019;CR2004
10512;2;07/10/2019;FR1209
10512;2;07/10/2019;TR0021
10512;2;07/10/2019;TR0022
10512;2;07/10/2019;TR0035
10513;1;07/10/2019;FR1206
10513;2;07/10/2019;TR0036
10513;2;07/10/2019;FR1217
10514;1;07/10/2019;FR1205
10514;1;07/10/2019;FR1213
10514;2;07/10/2019;TR0031
10514;1;07/10/2019;TR0040
10514;2;07/10/2019;TR0050
10515;2;07/10/2019;CR2009
10515;2;07/10/2019;TR0035
10515;2;07/10/2019;FR1218
10515;2;07/10/2019;FR1201
10515;2;07/10/2019;FR1212
10516;1;07/10/2019;FR1203
10516;2;07/10/2019;TR0016
10516;1;07/10/2019;TR0017
10517;2;07/10/2019;TR0034
10517;2;07/10/2019;TR0045
10517;2;07/10/2019;TR0027
10518;2;07/10/2019;TR0013
10518;2;07/10/2019;TR0019
10518;2;07/10/2019;FR1209
10519;2;07/10/2019;CR2010
10519;1;07/10/2019;TR0031
10519;2;07/10/2019;TR0035
10520;2;07/10/2019;TR0028
10520;2;07/10/2019;FR1209
10521;2;08/10/2019;TR0043
10521;2;09/10/2019;FR1220
10521;2;09/10/2019;TR0016
10522;1;09/10/2019;CR2001
10522;1;09/10/2019;CR2008
10522;1;09/10/2019;FR1215
10522;3;09/10/2019;TR0015
10523;1;09/10/2019;FR1202
10523;2;10/10/2019;TR0016
10523;2;11/10/2019;TR0012
10523;2;11/10/2019;FR1205
10524;2;11/10/2019;CR2010
10524;2;11/10/2019;FR1215
10524;2;11/10/2019;TR0018
10524;2;11/10/2019;TR0029
10525;2;11/10/2019;TR0015
10525;1;11/10/2019;FR1221
10526;1;11/10/2019;TR0031
10526;2;11/10/2019;CR2001
10526;2;11/10/2019;CR2013
10527;2;11/10/2019;CR2004
10527;1;11/10/2019;FR1221
10528;2;11/10/2019;CR2011
10528;2;11/10/2019;FR1218
10528;2;11/10/2019;TR0047
10529;2;11/10/2019;TR0030
10529;2;11/10/2019;TR0044
10529;1;11/10/2019;TR0043
10530;1;11/10/2019;FR1202
10530;1;11/10/2019;TR0018
10530;1;11/10/2019;TR0036
10530;2;11/10/2019;TR0051
10531;2;11/10/2019;TR0034
10532;2;12/10/2019;FR1215
10532;1;12/10/2019;TR0041
10533;1;12/10/2019;TR0047
10533;1;12/10/2019;TR0048
10533;2;12/10/2019;CR2004
10534;2;12/10/2019;FR1215
10534;2;12/10/2019;TR0015
10534;2;12/10/2019;TR0029
10535;2;12/10/2019;TR0015
10535;2;12/10/2019;TR0032
10535;2;12/10/2019;CR2011
10535;2;12/10/2019;TR0034
10536;2;12/10/2019;CR2012
10536;1;12/10/2019;FR1216
10536;1;12/10/2019;FR1218
10536;1;12/10/2019;TR0035
10537;1;12/10/2019;TR0033
10537;1;12/10/2019;TR0047
10537;2;12/10/2019;TR0026
10537;1;12/10/2019;FR1216
10537;2;12/10/2019;TR0048
10538;2;12/10/2019;TR0045
10538;1;12/10/2019;TR0047
10539;2;12/10/2019;TR0024
10539;2;12/10/2019;CR2013
10539;2;12/10/2019;FR1206
10539;2;12/10/2019;FR1218
10540;1;12/10/2019;TR0043
10540;1;12/10/2019;TR0013
10540;2;12/10/2019;CR2003
10540;1;12/10/2019;FR1211
10541;1;12/10/2019;FR1209
10541;2;12/10/2019;TR0013
10541;1;12/10/2019;TR0040
10541;2;12/10/2019;TR0046
10542;2;12/10/2019;CR2011
10542;1;12/10/2019;TR0029
10543;1;12/10/2019;CR2012
10543;2;12/10/2019;FR1208
10544;2;12/10/2019;FR1213
10544;2;12/10/2019;TR0042
10545;2;12/10/2019;CR2011
10546;1;12/10/2019;FR1220
10546;1;12/10/2019;TR0037
10546;2;12/10/2019;CR2007
10547;1;12/10/2019;FR1217
10547;2;12/10/2019;FR1221
10548;2;12/10/2019;FR1219
10548;2;12/10/2019;TR0016
10549;2;12/10/2019;FR1216
10549;2;12/10/2019;TR0020
10549;1;12/10/2019;TR0026
10550;2;12/10/2019;FR1204
10550;2;12/10/2019;FR1206
10550;2;12/10/2019;FR1202
10550;2;12/10/2019;TR0036
10551;1;12/10/2019;FR1201
10551;1;12/10/2019;FR1220
10551;1;12/10/2019;TR0019
10552;2;12/10/2019;TR0044
10552;1;12/10/2019;TR0050
10553;5;12/10/2019;CR2011
10553;2;12/10/2019;FR1220
10553;1;12/10/2019;FR1216
10553;1;12/10/2019;FR1207
10553;2;12/10/2019;FR1201
10554;1;12/10/2019;FR1201
10554;1;12/10/2019;FR1208
10554;1;12/10/2019;TR0037
10554;2;12/10/2019;TR0052
10555;1;12/10/2019;FR1204
10555;1;12/10/2019;TR0031
10555;2;12/10/2019;FR1209
10555;1;12/10/2019;CR2014
10555;1;12/10/2019;TR0026
10556;1;12/10/2019;TR0047
10557;1;12/10/2019;TR0050
10557;1;12/10/2019;TR0039
10558;2;12/10/2019;TR0048
10558;2;12/10/2019;TR0028
10558;1;12/10/2019;TR0022
10558;1;12/10/2019;TR0026
10558;1;12/10/2019;TR0027
10559;2;12/10/2019;TR0016
10559;2;12/10/2019;TR0030
10560;1;13/10/2019;FR1215
10560;2;13/10/2019;TR0037
10561;2;13/10/2019;TR0019
10561;2;13/10/2019;TR0026
10562;2;13/10/2019;TR0037
10562;1;13/10/2019;FR1218
10563;1;13/10/2019;FR1221
10563;2;13/10/2019;TR0027
10564;1;13/10/2019;TR0030
10564;2;13/10/2019;FR1202
10564;2;13/10/2019;FR1216
10565;2;13/10/2019;TR0039
10565;1;13/10/2019;FR1209
10566;1;13/10/2019;CR2011
10566;2;13/10/2019;FR1203
10566;2;13/10/2019;TR0051
10567;1;13/10/2019;TR0034
10567;2;13/10/2019;FR1216
10567;2;13/10/2019;TR0026
10568;2;14/10/2019;CR2010
10569;1;14/10/2019;TR0051
10569;1;14/10/2019;FR1216
10570;2;14/10/2019;CR2011
10570;2;14/10/2019;TR0031
10571;2;14/10/2019;CR2014
10571;1;14/10/2019;TR0017
10572;2;14/10/2019;FR1201
10572;2;14/10/2019;TR0050
10572;2;14/10/2019;TR0015
10572;2;14/10/2019;FR1217
10573;2;14/10/2019;FR1202
10573;1;15/10/2019;FR1219
10573;1;15/10/2019;TR0028
10574;2;15/10/2019;TR0037
10574;2;15/10/2019;TR0039
10574;2;15/10/2019;TR0015
10574;2;15/10/2019;FR1218
10575;2;15/10/2019;TR0038
10575;1;15/10/2019;TR0047
10575;2;15/10/2019;TR0051
10575;2;15/10/2019;TR0034
10576;2;15/10/2019;CR2001
10576;1;15/10/2019;FR1216
10576;1;15/10/2019;TR0019
10577;2;15/10/2019;TR0014
10577;2;15/10/2019;TR0052
10577;1;15/10/2019;TR0050
10578;1;15/10/2019;FR1220
10578;2;15/10/2019;TR0032
10579;2;15/10/2019;CR2015
10579;1;15/10/2019;TR0050
10580;2;15/10/2019;TR0016
10580;1;15/10/2019;TR0040
10580;2;15/10/2019;CR2014
10581;2;16/10/2019;TR0050
10582;2;16/10/2019;TR0032
10582;2;16/10/2019;TR0051
10583;2;16/10/2019;FR1214
10583;1;16/10/2019;TR0035
10583;2;16/10/2019;TR0044
10584;2;16/10/2019;FR1216
10585;2;16/10/2019;TR0022
10586;2;16/10/2019;TR0027
10587;2;16/10/2019;FR1211
10587;6;16/10/2019;FR1220
10587;1;16/10/2019;TR0052
10588;1;16/10/2019;FR1203
10588;2;16/10/2019;TR0017
10589;2;16/10/2019;FR1220
10590;1;16/10/2019;CR2001
10590;2;16/10/2019;TR0052
10591;2;16/10/2019;CR2007
10591;2;16/10/2019;TR0029
10591;2;16/10/2019;CR2003
10592;1;16/10/2019;CR2015
10592;2;16/10/2019;FR1211
10593;2;16/10/2019;TR0051
10593;1;16/10/2019;FR1205
10593;1;17/10/2019;TR0044
10594;1;17/10/2019;TR0027
10594;1;17/10/2019;TR0033
10595;1;17/10/2019;FR1220
10595;2;17/10/2019;TR0036
10595;2;17/10/2019;TR0044
10596;1;17/10/2019;TR0050
10596;2;17/10/2019;TR0031
10596;1;17/10/2019;TR0038
10597;2;17/10/2019;TR0040
10597;1;17/10/2019;FR1209
10597;1;18/10/2019;TR0032
10598;2;18/10/2019;FR1212
10598;2;18/10/2019;TR0046
10599;2;18/10/2019;TR0037
10600;2;18/10/2019;TR0029
10600;1;18/10/2019;TR0048
10601;2;18/10/2019;CR2013
10601;1;18/10/2019;TR0034
10602;2;18/10/2019;TR0052
10603;1;18/10/2019;FR1207
10603;1;18/10/2019;TR0024
10604;2;18/10/2019;TR0023
10604;2;18/10/2019;TR0051
10605;1;18/10/2019;FR1201
10605;1;18/10/2019;TR0034
10605;2;18/10/2019;TR0035
10605;2;18/10/2019;TR0046
10606;1;18/10/2019;CR2004
10606;1;18/10/2019;TR0030
10606;2;18/10/2019;TR0037
10607;1;18/10/2019;TR0015
10607;2;18/10/2019;TR0047
10607;2;18/10/2019;FR1202
10607;1;18/10/2019;CR2007
10607;2;18/10/2019;FR1218
10608;1;18/10/2019;TR0031
10609;2;18/10/2019;CR2001
10609;2;18/10/2019;CR2010
10609;2;18/10/2019;FR1206
10610;1;18/10/2019;FR1221
10611;2;18/10/2019;CR2001
10611;2;19/10/2019;CR2002
10611;2;19/10/2019;TR0035
10612;2;19/10/2019;CR2010
10612;2;19/10/2019;FR1221
10612;2;19/10/2019;TR0024
10612;1;19/10/2019;TR0035
10612;2;19/10/2019;TR0051
10613;2;19/10/2019;CR2013
10613;1;19/10/2019;TR0050
10614;2;19/10/2019;CR2011
10614;2;19/10/2019;TR0014
10614;2;19/10/2019;FR1206
10615;2;19/10/2019;TR0030
10616;2;19/10/2019;TR0013
10616;2;19/10/2019;TR0031
10616;2;19/10/2019;TR0045
10616;2;19/10/2019;TR0046
10617;1;19/10/2019;TR0034
10618;2;19/10/2019;TR0043
10618;2;19/10/2019;CR2006
10618;1;19/10/2019;TR0031
10619;1;19/10/2019;FR1206
10619;1;19/10/2019;FR1207
10620;2;19/10/2019;FR1209
10620;2;19/10/2019;TR0027
10621;2;19/10/2019;FR1208
10621;1;19/10/2019;TR0045
10621;2;19/10/2019;TR0046
10621;2;19/10/2019;FR1204
10622;1;19/10/2019;CR2002
10622;2;19/10/2019;TR0043
10623;2;19/10/2019;FR1209
10623;2;20/10/2019;FR1220
10623;1;20/10/2019;FR1206
10623;2;20/10/2019;FR1204
10623;1;20/10/2019;CR2014
10624;2;20/10/2019;FR1214
10624;2;20/10/2019;TR0019
10624;2;20/10/2019;FR1213
10625;2;20/10/2019;CR2014
10625;2;20/10/2019;TR0017
10625;2;20/10/2019;TR0035
10626;1;20/10/2019;TR0035
10626;1;20/10/2019;TR0046
10626;2;20/10/2019;TR0028
10627;2;20/10/2019;TR0037
10627;1;20/10/2019;TR0048
10628;1;20/10/2019;CR2001
10629;1;20/10/2019;FR1214
10629;2;20/10/2019;TR0039
10630;1;20/10/2019;TR0051
10630;2;20/10/2019;TR0030
10631;2;20/10/2019;TR0050
10632;1;20/10/2019;FR1218
10632;1;20/10/2019;CR2002
10633;1;20/10/2019;CR2012
10633;2;20/10/2019;CR2013
10633;1;20/10/2019;FR1211
10633;2;20/10/2019;TR0037
10634;2;20/10/2019;TR0026
10634;2;20/10/2019;FR1203
10634;1;20/10/2019;CR2007
10634;2;20/10/2019;TR0050
10635;2;21/10/2019;CR2004
10635;2;21/10/2019;CR2005
10635;1;21/10/2019;FR1207
10636;1;21/10/2019;CR2004
10636;2;21/10/2019;TR0033
10637;2;21/10/2019;CR2011
10637;1;21/10/2019;TR0025
10637;2;21/10/2019;TR0031
10638;1;21/10/2019;TR0020
10638;1;21/10/2019;TR0040
10638;2;21/10/2019;TR0047
10639;2;21/10/2019;FR1203
10640;1;21/10/2019;TR0044
10640;2;21/10/2019;TR0045
10641;2;21/10/2019;CR2002
10641;2;21/10/2019;TR0015
10642;1;21/10/2019;FR1206
10642;1;21/10/2019;TR0036
10643;2;21/10/2019;FR1213
10643;1;22/10/2019;TR0014
10643;2;22/10/2019;TR0021
10644;1;22/10/2019;TR0018
10644;1;22/10/2019;TR0021
10644;2;22/10/2019;FR1203
10645;2;22/10/2019;FR1221
10645;1;22/10/2019;FR1203
10646;2;22/10/2019;CR2001
10646;2;22/10/2019;CR2010
10646;1;22/10/2019;TR0046
10646;1;22/10/2019;TR0052
10647;1;22/10/2019;TR0014
10647;1;22/10/2019;FR1204
10648;2;22/10/2019;FR1209
10648;2;22/10/2019;FR1207
10649;1;22/10/2019;FR1213
10649;5;22/10/2019;TR0047
10650;1;22/10/2019;FR1215
10650;1;22/10/2019;TR0028
10650;1;22/10/2019;TR0029
10651;1;22/10/2019;FR1207
10651;2;22/10/2019;FR1204
10652;2;22/10/2019;FR1215
10652;1;22/10/2019;TR0017
10653;1;22/10/2019;FR1201
10653;1;22/10/2019;TR0035
10654;2;22/10/2019;CR2004
10654;1;22/10/2019;TR0014
10654;2;23/10/2019;TR0029
10655;1;23/10/2019;TR0016
10656;2;23/10/2019;TR0022
10656;1;23/10/2019;TR0019
10656;2;23/10/2019;CR2014
10657;1;23/10/2019;TR0035
10657;2;23/10/2019;CR2015
10657;1;23/10/2019;TR0016
10657;1;23/10/2019;TR0021
10657;2;23/10/2019;TR0022
10657;1;23/10/2019;TR0031
10658;2;23/10/2019;TR0052
10658;2;23/10/2019;TR0035
10658;2;23/10/2019;FR1206
10658;2;23/10/2019;TR0015
10659;1;23/10/2019;FR1216
10659;1;23/10/2019;TR0015
10659;1;23/10/2019;TR0045
10660;1;23/10/2019;FR1205
10661;2;23/10/2019;TR0014
10661;1;23/10/2019;TR0033
10662;2;23/10/2019;TR0043
10663;1;23/10/2019;TR0015
10663;1;23/10/2019;TR0017
10663;1;23/10/2019;TR0026
10664;2;23/10/2019;TR0040
10664;1;23/10/2019;CR2010
10664;2;23/10/2019;TR0031
10665;2;23/10/2019;TR0051
10665;1;23/10/2019;TR0026
10665;1;23/10/2019;TR0034
10666;1;23/10/2019;FR1214
10666;2;23/10/2019;TR0040
10667;1;23/10/2019;TR0044
10667;2;23/10/2019;TR0046
10668;2;23/10/2019;TR0039
10668;2;23/10/2019;TR0030
10668;2;24/10/2019;FR1216
10669;1;24/10/2019;FR1221
10670;1;24/10/2019;FR1208
10670;2;24/10/2019;TR0021
10670;1;24/10/2019;TR0042
10670;2;24/10/2019;TR0048
10670;1;24/10/2019;TR0050
10671;2;24/10/2019;FR1201
10671;2;24/10/2019;TR0037
10671;2;24/10/2019;TR0040
10672;2;24/10/2019;TR0013
10672;2;24/10/2019;TR0046
10673;2;24/10/2019;FR1201
10673;2;24/10/2019;TR0017
10673;2;24/10/2019;TR0018
10674;2;24/10/2019;FR1208
10675;1;24/10/2019;CR2014
10675;3;24/10/2019;TR0028
10675;1;24/10/2019;TR0033
10676;2;24/10/2019;CR2010
10676;2;24/10/2019;FR1204
10676;1;24/10/2019;TR0019
10677;1;24/10/2019;FR1211
10677;2;24/10/2019;FR1218
10678;2;24/10/2019;CR2012
10678;1;24/10/2019;TR0029
10678;1;24/10/2019;FR1218
10678;2;24/10/2019;TR0016
10679;2;24/10/2019;TR0034
10680;2;24/10/2019;FR1201
10680;1;24/10/2019;FR1216
10680;1;25/10/2019;TR0017
10681;2;25/10/2019;FR1206
10681;1;25/10/2019;TR0039
10681;1;25/10/2019;FR1204
10682;2;25/10/2019;TR0041
10682;1;25/10/2019;TR0050
10682;1;25/10/2019;FR1218
10683;2;25/10/2019;TR0027
10684;1;25/10/2019;TR0035
10684;1;25/10/2019;TR0015
10684;1;25/10/2019;TR0022
10685;2;25/10/2019;TR0022
10685;1;25/10/2019;CR2010
10685;2;25/10/2019;TR0016
10686;1;25/10/2019;FR1202
10686;2;25/10/2019;FR1211
10687;2;25/10/2019;CR2009
10687;2;25/10/2019;FR1214
10687;2;25/10/2019;FR1221
10688;2;25/10/2019;CR2010
10688;2;25/10/2019;FR1219
10688;2;25/10/2019;FR1213
10689;1;25/10/2019;CR2001
10690;1;25/10/2019;TR0031
10690;1;25/10/2019;TR0052
10691;1;25/10/2019;TR0018
10691;1;25/10/2019;TR0019
10691;1;25/10/2019;FR1214
10691;1;26/10/2019;CR2001
10691;1;26/10/2019;TR0037
10692;1;26/10/2019;TR0038
10693;2;26/10/2019;CR2009
10693;2;26/10/2019;TR0029
10693;1;26/10/2019;TR0044
10693;2;26/10/2019;TR0048
10694;2;26/10/2019;TR0045
10694;1;26/10/2019;TR0034
10694;2;27/10/2019;CR2007
10695;2;27/10/2019;CR2012
10695;1;27/10/2019;FR1209
10695;2;27/10/2019;CR2008
10696;1;27/10/2019;FR1202
10696;2;27/10/2019;TR0021
10697;1;27/10/2019;TR0033
10697;1;27/10/2019;TR0045
10697;2;27/10/2019;FR1220
10697;2;27/10/2019;FR1204
10698;2;27/10/2019;FR1202
10698;2;27/10/2019;FR1214
10698;2;27/10/2019;TR0040
10698;2;27/10/2019;TR0045
10698;2;27/10/2019;CR2011
10699;5;27/10/2019;TR0022
10700;2;27/10/2019;CR2001
10700;2;27/10/2019;TR0046
10700;1;27/10/2019;TR0043
10700;2;27/10/2019;FR1219
10701;1;27/10/2019;TR0034
10701;1;27/10/2019;TR0046
10701;1;27/10/2019;TR0051
10702;2;27/10/2019;CR2003
10702;2;27/10/2019;TR0051
10703;2;27/10/2019;CR2002
10703;1;27/10/2019;TR0034
10703;1;27/10/2019;TR0048
10704;2;27/10/2019;CR2004
10704;1;27/10/2019;FR1209
10704;1;27/10/2019;TR0023
10705;1;27/10/2019;FR1216
10705;2;27/10/2019;FR1217
10706;1;27/10/2019;TR0018
10706;2;27/10/2019;TR0034
10706;1;27/10/2019;FR1201
10707;1;27/10/2019;TR0032
10707;1;27/10/2019;TR0045
10707;1;27/10/2019;TR0030
10708;2;27/10/2019;CR2005
10708;2;27/10/2019;FR1221
10709;2;27/10/2019;TR0035
10709;1;27/10/2019;CR2008
10709;1;27/10/2019;TR0026
10710;2;27/10/2019;FR1204
10710;2;27/10/2019;TR0022
10711;2;28/10/2019;FR1204
10711;1;28/10/2019;TR0016
10711;2;28/10/2019;TR0028
10712;2;28/10/2019;TR0028
10712;1;28/10/2019;TR0031
10713;1;28/10/2019;TR0021
10713;2;28/10/2019;CR2010
10713;1;28/10/2019;FR1211
10713;2;28/10/2019;TR0020
10714;1;28/10/2019;CR2002
10714;1;28/10/2019;FR1202
10714;2;28/10/2019;TR0022
10714;2;28/10/2019;TR0031
10714;2;28/10/2019;TR0033
10715;1;28/10/2019;CR2010
10715;1;28/10/2019;TR0046
10716;2;28/10/2019;TR0026
10716;2;28/10/2019;TR0036
10716;2;28/10/2019;FR1206
10717;1;28/10/2019;FR1206
10717;2;28/10/2019;TR0029
10717;1;28/10/2019;TR0044
10718;1;28/10/2019;FR1221
10718;1;28/10/2019;FR1201
10718;1;28/10/2019;CR2012
10718;1;28/10/2019;TR0037
10719;2;28/10/2019;FR1203
10719;2;28/10/2019;FR1215
10719;1;28/10/2019;TR0029
10720;1;28/10/2019;FR1220
10720;2;28/10/2019;TR0046
10721;2;28/10/2019;TR0019
10722;2;28/10/2019;CR2002
10722;1;28/10/2019;TR0050
10722;2;28/10/2019;FR1216
10722;8;28/10/2019;TR0043
10723;2;28/10/2019;FR1211
10724;2;28/10/2019;CR2010
10724;2;28/10/2019;TR0036
10725;2;28/10/2019;TR0027
10725;1;28/10/2019;TR0207
10725;1;28/10/2019;TR0097
10725;2;28/10/2019;TR0016
10725;2;28/10/2019;TR0030
10726;2;28/10/2019;CR2011
10726;1;28/10/2019;CR2004
10727;1;28/10/2019;FR1202
10727;2;28/10/2019;TR0031
10727;2;28/10/2019;TR0034
10728;2;29/10/2019;TR0030
10728;2;29/10/2019;TR0035
10728;2;29/10/2019;TR0015
10728;2;29/10/2019;FR1215
10729;1;29/10/2019;FR1206
10729;1;29/10/2019;TR0025
10729;2;29/10/2019;CR2001
10730;2;29/10/2019;FR1201
10730;2;29/10/2019;FR1216
10730;2;29/10/2019;TR0040
10731;1;29/10/2019;FR1206
10731;1;29/10/2019;TR0026
10732;1;29/10/2019;TR0051
10733;2;29/10/2019;CR2014
10733;1;29/10/2019;FR1213
10733;1;29/10/2019;TR0027
10734;1;29/10/2019;CR2006
10734;2;29/10/2019;FR1215
10734;1;29/10/2019;TR0051
10735;2;29/10/2019;TR0052
10735;1;29/10/2019;TR0036
10736;1;29/10/2019;TR0040
10736;1;29/10/2019;TR0050
10737;2;29/10/2019;CR2013
10737;2;29/10/2019;TR0016
10738;2;29/10/2019;FR1201
10739;2;29/10/2019;FR1221
10739;2;29/10/2019;TR0027
10740;2;29/10/2019;TR0031
10740;1;29/10/2019;TR0020
10740;2;29/10/2019;FR1213
10740;1;29/10/2019;FR1220
10741;2;29/10/2019;CR2002
10742;1;29/10/2019;CR2003
10742;2;29/10/2019;TR0035
10742;1;29/10/2019;TR0047
10743;1;29/10/2019;TR0021
10744;2;30/10/2019;TR0015
10745;1;30/10/2019;FR1203
10745;2;30/10/2019;TR0019
10745;1;30/10/2019;TR0034
10745;2;30/10/2019;TR0047
10746;2;30/10/2019;TR0037
10746;1;30/10/2019;TR0017
10746;2;30/10/2019;CR2013
10746;1;30/10/2019;TR0044
10747;1;30/10/2019;TR0016
10747;2;30/10/2019;TR0038
10747;1;30/10/2019;TR0044
10747;2;30/10/2019;FR1216
10748;1;30/10/2019;TR0031
10748;1;30/10/2019;FR1208
10748;5;30/10/2019;TR0015
10749;2;30/10/2019;TR0051
10749;2;30/10/2019;TR0031
10749;2;30/10/2019;TR0034
10750;2;30/10/2019;CR2014
10750;1;30/10/2019;TR0020
10750;1;30/10/2019;TR0034
10751;1;30/10/2019;TR0025
10751;1;30/10/2019;FR1215
10751;2;30/10/2019;FR1211
10751;2;30/10/2019;TR0048
10752;2;30/10/2019;TR0044
10752;2;30/10/2019;CR2001
10753;2;30/10/2019;TR0020
10753;2;30/10/2019;TR0049
10754;2;30/10/2019;TR0015
10755;1;30/10/2019;TR0031
10755;2;30/10/2019;TR0032
10755;1;30/10/2019;TR0022
10755;1;30/10/2019;TR0044
10756;1;30/10/2019;FR1203
10756;1;30/10/2019;FR1221
10756;2;30/10/2019;TR0043
10756;1;30/10/2019;TR0044
10757;1;30/10/2019;TR0037
10757;1;30/10/2019;FR1219
10757;1;30/10/2019;TR0039
10757;2;30/10/2019;TR0034
10758;2;30/10/2019;TR0027
10758;1;30/10/2019;TR0045
10758;1;30/10/2019;FR1211
10759;2;30/10/2019;FR1217
10760;2;30/10/2019;FR1210
10760;1;30/10/2019;FR1212
10760;1;30/10/2019;TR0018
10761;2;30/10/2019;TR0050
10761;1;30/10/2019;FR1210
10762;2;30/10/2019;TR0031
10762;1;30/10/2019;TR0026
10762;2;30/10/2019;TR0014
10762;1;30/10/2019;TR0022
10763;1;30/10/2019;FR1206
10763;2;30/10/2019;FR1207
10763;1;30/10/2019;FR1209
10764;1;30/10/2019;CR2003
10764;2;30/10/2019;TR0014
10765;2;30/10/2019;TR0040
10766;1;30/10/2019;CR2007
10766;1;30/10/2019;TR0043
10766;1;30/10/2019;CR2002
10767;2;30/10/2019;TR0017
10768;2;31/10/2019;TR0046
10768;2;31/10/2019;FR1207
10768;2;31/10/2019;FR1216
10768;2;31/10/2019;TR0035
10769;2;31/10/2019;TR0037
10769;1;31/10/2019;TR0036
10769;1;31/10/2019;TR0016
10769;2;31/10/2019;TR0027
10770;2;31/10/2019;CR2011
10771;2;31/10/2019;TR0046
10772;2;31/10/2019;FR1214
10772;1;31/10/2019;TR0034
10773;2;31/10/2019;TR0050
10773;2;31/10/2019;FR1216
10773;1;31/10/2019;FR1202
10774;4;31/10/2019;FR1216
10774;2;31/10/2019;TR0041
10775;2;31/10/2019;CR2010
10775;2;31/10/2019;TR0042
10776;1;31/10/2019;TR0020
10776;2;31/10/2019;TR0026
10776;2;31/10/2019;TR0017
10776;2;31/10/2019;FR1216
10777;1;31/10/2019;TR0017
10778;2;31/10/2019;TR0016
10779;1;31/10/2019;FR1201
10779;1;31/10/2019;TR0037
10780;1;31/10/2019;TR0045
10780;2;31/10/2019;TR0052
10781;2;31/10/2019;TR0029
10781;1;31/10/2019;TR0031
10781;1;31/10/2019;TR0049
10782;1;31/10/2019;FR1216
10783;2;31/10/2019;FR1216
10783;2;31/10/2019;TR0013
10784;1;01/11/2019;FR1221
10784;2;01/11/2019;TR0014
10784;1;01/11/2019;TR0047
10785;2;01/11/2019;CR2010
10785;2;01/11/2019;TR0050
10786;1;01/11/2019;CR2008
10786;2;01/11/2019;FR1215
10786;1;01/11/2019;TR0050
10787;2;01/11/2019;CR2002
10787;1;01/11/2019;FR1214
10788;1;01/11/2019;TR0050
10788;2;01/11/2019;FR1204
10789;2;01/11/2019;FR1220
10789;1;01/11/2019;TR0038
10789;2;01/11/2019;TR0043
10789;1;01/11/2019;FR1203
10790;2;01/11/2019;CR2007
10790;1;01/11/2019;TR0031
10791;2;01/11/2019;FR1214
10791;1;01/11/2019;TR0016
10792;2;01/11/2019;TR0029
10792;2;01/11/2019;TR0043
10792;2;01/11/2019;CR2002
10793;2;01/11/2019;TR0027
10793;2;01/11/2019;TR0016
10794;2;01/11/2019;CR2014
10794;2;01/11/2019;TR0029
10795;2;01/11/2019;FR1201
10795;1;01/11/2019;FR1202
10796;1;01/11/2019;TR0044
10796;1;01/11/2019;TR0039
10796;1;01/11/2019;FR1211
10796;2;01/11/2019;TR0019
10797;1;01/11/2019;CR2011
10798;2;01/11/2019;TR0037
10798;2;01/11/2019;TR0047
10799;1;01/11/2019;CR2013
10799;1;01/11/2019;FR1209
10799;1;01/11/2019;TR0034
10800;2;01/11/2019;CR2011
10800;2;01/11/2019;TR0026
10800;2;01/11/2019;TR0029
10801;1;02/11/2019;FR1202
10801;1;02/11/2019;FR1214
10802;1;02/11/2019;TR0026
10802;1;02/11/2019;FR1215
10802;5;02/11/2019;TR0030
10802;2;02/11/2019;TR0037
10803;1;02/11/2019;FR1204
10803;2;02/11/2019;FR1210
10803;2;02/11/2019;TR0034
10804;1;02/11/2019;CR2010
10804;1;02/11/2019;FR1213
10804;2;02/11/2019;TR0024
10805;2;02/11/2019;TR0013
10805;2;02/11/2019;FR1219
10806;2;02/11/2019;TR0049
10806;1;02/11/2019;CR2002
10806;2;02/11/2019;TR0040
10807;1;02/11/2019;TR0015
10808;1;03/11/2019;TR0031
10808;2;03/11/2019;TR0051
10809;1;03/11/2019;TR0027
10810;2;03/11/2019;TR0045
10810;2;03/11/2019;CR2013
10810;2;03/11/2019;FR1210
10811;2;03/11/2019;FR1204
10811;2;03/11/2019;FR1208
10811;1;03/11/2019;TR0015
10812;2;03/11/2019;FR1216
10812;1;03/11/2019;TR0047
10812;1;03/11/2019;TR0052
10813;2;03/11/2019;CR2002
10813;1;03/11/2019;TR0021
10814;1;03/11/2019;TR0016
10814;1;03/11/2019;TR0018
10814;2;03/11/2019;TR0023
10814;1;03/11/2019;TR0036
10815;2;03/11/2019;FR1218
10816;1;03/11/2019;TR0037
10816;1;03/11/2019;TR0013
10817;1;03/11/2019;FR1211
10817;1;03/11/2019;TR0013
10817;2;03/11/2019;TR0015
10817;1;03/11/2019;TR0037
10818;1;03/11/2019;FR1217
10818;1;03/11/2019;TR0016
10819;2;03/11/2019;TR0018
10819;1;03/11/2019;TR0050
10820;1;03/11/2019;TR0031
10821;1;03/11/2019;FR1220
10821;2;03/11/2019;TR0026
10822;2;04/11/2019;TR0037
10822;2;04/11/2019;TR0045
10823;1;04/11/2019;TR0034
10823;1;04/11/2019;CR2011
10823;2;04/11/2019;TR0052
10823;2;04/11/2019;TR0032
10824;2;04/11/2019;TR0045
10824;2;04/11/2019;TR0016
10825;2;04/11/2019;FR1211
10825;1;04/11/2019;TR0028
10826;1;04/11/2019;FR1216
10826;2;04/11/2019;TR0032
10827;1;04/11/2019;TR0014
10827;2;04/11/2019;CR2010
10828;2;04/11/2019;FR1205
10828;2;04/11/2019;TR0013
10829;2;04/11/2019;CR2002
10829;1;04/11/2019;CR2008
10829;2;04/11/2019;CR2013
10829;1;04/11/2019;TR0035
10830;2;04/11/2019;TR0035
10830;2;04/11/2019;CR2006
10830;1;04/11/2019;TR0014
10830;1;04/11/2019;TR0043
10831;2;05/11/2019;FR1220
10831;2;05/11/2019;TR0013
10831;2;05/11/2019;TR0018
10831;2;05/11/2019;FR1204
10832;2;05/11/2019;CR2013
10832;2;05/11/2019;FR1210
10832;2;05/11/2019;TR0019
10832;2;05/11/2019;TR0039
10833;1;05/11/2019;CR2007
10833;2;05/11/2019;FR1216
10833;2;05/11/2019;TR0028
10834;2;05/11/2019;FR1214
10834;1;05/11/2019;FR1215
10835;2;05/11/2019;TR0034
10835;2;05/11/2019;TR0052
10836;1;05/11/2019;TR0039
10836;2;05/11/2019;FR1207
10836;2;05/11/2019;TR0035
10836;2;05/11/2019;FR1220
10836;1;05/11/2019;TR0032
10837;2;05/11/2019;CR2013
10837;1;05/11/2019;TR0015
10837;1;05/11/2019;TR0022
10837;1;05/11/2019;TR0051
10838;2;05/11/2019;CR2001
10838;1;05/11/2019;FR1203
10838;2;05/11/2019;FR1221
10839;1;05/11/2019;TR0033
10839;2;05/11/2019;TR0047
10840;2;05/11/2019;FR1210
10840;2;05/11/2019;TR0014
10841;2;05/11/2019;CR2010
10841;2;05/11/2019;TR0052
10841;1;06/11/2019;TR0031
10841;2;06/11/2019;TR0034
10842;2;06/11/2019;CR2011
10842;2;06/11/2019;TR0018
10842;1;06/11/2019;TR0043
10842;2;06/11/2019;TR0045
10843;2;06/11/2019;TR0026
10844;1;06/11/2019;FR1207
10845;1;06/11/2019;FR1220
10845;1;06/11/2019;TR0039
10845;1;06/11/2019;TR0017
10845;2;06/11/2019;FR1208
10845;2;06/11/2019;TR0033
10846;1;06/11/2019;CR2004
10846;1;06/11/2019;TR0045
10846;1;06/11/2019;TR0049
10847;2;06/11/2019;FR1204
10847;2;07/11/2019;TR0046
10847;2;07/11/2019;TR0012
10847;2;07/11/2019;CR2001
10847;1;07/11/2019;TR0035
10847;1;07/11/2019;TR0020
10848;1;07/11/2019;CR2005
10848;2;07/11/2019;CR2009
10849;1;07/11/2019;CR2003
10849;2;07/11/2019;FR1211
10850;2;07/11/2019;FR1218
10850;1;07/11/2019;TR0045
10850;1;07/11/2019;FR1210
10851;3;07/11/2019;FR1210
10851;2;07/11/2019;TR0032
10851;1;07/11/2019;TR0034
10851;2;07/11/2019;CR2002
10852;2;07/11/2019;CR2002
10852;2;07/11/2019;FR1202
10852;2;07/11/2019;TR0037
10853;2;07/11/2019;FR1203
10854;2;07/11/2019;CR2010
10854;2;07/11/2019;CR2013
10855;2;07/11/2019;FR1201
10855;2;07/11/2019;FR1216
10855;1;07/11/2019;TR0031
10855;2;07/11/2019;TR0040
10856;1;07/11/2019;CR2002
10856;1;07/11/2019;TR0017
10857;1;07/11/2019;FR1211
10857;2;07/11/2019;FR1214
10857;1;07/11/2019;CR2003
10858;2;07/11/2019;CR2007
10858;2;07/11/2019;FR1212
10858;2;07/11/2019;TR0045
10859;1;07/11/2019;TR0039
10859;1;07/11/2019;FR1209
10859;1;07/11/2019;TR0029
10860;2;07/11/2019;TR0026
10860;1;07/11/2019;TR0051
10861;1;07/11/2019;FR1202
10861;1;07/11/2019;FR1203
10861;1;08/11/2019;FR1206
10861;1;08/11/2019;FR1218
10861;2;08/11/2019;TR0037
10862;1;08/11/2019;CR2011
10862;2;08/11/2019;TR0027
10863;1;08/11/2019;CR2001
10863;2;08/11/2019;TR0033
10864;2;08/11/2019;TR0042
10864;2;08/11/2019;FR1220
10865;2;08/11/2019;TR0014
10865;2;08/11/2019;TR0013
10866;1;08/11/2019;CR2002
10866;2;08/11/2019;FR1209
10866;1;08/11/2019;FR1215
10867;2;08/11/2019;TR0028
10868;1;08/11/2019;FR1211
10868;1;08/11/2019;FR1220
10868;1;08/11/2019;TR0024
10869;1;08/11/2019;CR2001
10869;1;08/11/2019;TR0043
10869;2;08/11/2019;CR2011
10869;2;08/11/2019;FR1208
10870;2;08/11/2019;FR1220
10870;2;08/11/2019;TR0026
10871;2;08/11/2019;CR2006
10871;2;08/11/2019;FR1201
10871;2;08/11/2019;FR1202
10872;1;09/11/2019;TR0040
10872;2;09/11/2019;TR0039
10872;2;09/11/2019;TR0030
10872;1;09/11/2019;TR0037
10873;1;09/11/2019;FR1206
10873;2;09/11/2019;FR1213
10874;2;09/11/2019;CR2010
10875;1;09/11/2019;FR1204
10875;1;09/11/2019;TR0022
10875;2;09/11/2019;TR0024
10876;4;09/11/2019;TR0021
10876;1;09/11/2019;TR0039
10877;1;09/11/2019;FR1201
10877;1;09/11/2019;FR1203
10878;1;09/11/2019;FR1205
10879;2;09/11/2019;TR0040
10879;2;09/11/2019;TR0051
10879;2;09/11/2019;TR0015
10880;1;09/11/2019;TR0036
10880;2;09/11/2019;TR0045
10880;1;09/11/2019;FR1208
10881;2;10/11/2019;TR0048
10882;1;10/11/2019;TR0017
10882;1;10/11/2019;TR0024
10882;1;10/11/2019;TR0029
10883;2;10/11/2019;FR1209
10884;1;10/11/2019;FR1206
10884;1;10/11/2019;TR0031
10884;2;10/11/2019;TR0040
10885;1;10/11/2019;CR2002
10885;2;10/11/2019;FR1209
10885;1;10/11/2019;TR0045
10885;1;10/11/2019;TR0052
10886;1;10/11/2019;FR1216
10886;1;10/11/2019;TR0052
10886;2;10/11/2019;CR2010
10887;2;10/11/2019;FR1210
10888;1;10/11/2019;CR2002
10888;2;11/11/2019;TR0043
10889;1;11/11/2019;CR2011
10889;1;11/11/2019;TR0013
10890;2;11/11/2019;TR0016
10890;2;11/11/2019;FR1202
10890;2;11/11/2019;FR1219
10891;2;11/11/2019;FR1215
10892;1;11/11/2019;TR0034
10893;1;11/11/2019;CR2008
10893;2;11/11/2019;FR1209
10893;1;11/11/2019;FR1214
10893;1;11/11/2019;FR1215
10893;1;11/11/2019;FR1221
10894;1;11/11/2019;CR2013
10894;2;11/11/2019;TR0050
10894;2;11/11/2019;TR0044
10895;2;11/11/2019;FR1209
10895;1;11/11/2019;TR0014
10895;2;11/11/2019;TR0015
10895;2;11/11/2019;TR0035
10896;2;11/11/2019;TR0020
10896;2;11/11/2019;TR0031
10897;1;11/11/2019;FR1215
10897;2;11/11/2019;FR1214
10898;2;11/11/2019;CR2013
10899;2;11/11/2019;TR0014
10900;2;11/11/2019;TR0045
10901;1;12/11/2019;TR0016
10901;1;12/11/2019;TR0046
10902;1;12/11/2019;TR0030
10902;2;12/11/2019;TR0037
10903;1;12/11/2019;CR2013
10903;1;12/11/2019;TR0040
10903;1;12/11/2019;TR0043
10904;1;12/11/2019;TR0037
10904;2;12/11/2019;TR0033
10905;1;12/11/2019;CR2001
10906;2;12/11/2019;TR0036
10907;2;12/11/2019;TR0050
10908;1;12/11/2019;CR2007
10908;2;12/11/2019;TR0027
10909;2;12/11/2019;CR2007
10909;2;12/11/2019;FR1201
10909;2;12/11/2019;TR0016
10910;2;12/11/2019;FR1204
10910;2;12/11/2019;TR0024
10910;2;12/11/2019;TR0036
10911;2;12/11/2019;FR1202
10911;2;12/11/2019;CR2001
10911;2;12/11/2019;TR0042
10912;2;12/11/2019;FR1214
10912;1;12/11/2019;CR2011
10913;1;12/11/2019;CR2004
10913;1;12/11/2019;FR1218
10913;2;12/11/2019;TR0033
10914;1;12/11/2019;TR0046
10915;2;12/11/2019;TR0029
10915;2;12/11/2019;FR1202
10915;1;12/11/2019;FR1218
10916;1;12/11/2019;TR0032
10916;3;12/11/2019;FR1201
10916;2;12/11/2019;FR1217
10917;1;12/11/2019;FR1215
10917;2;12/11/2019;TR0035
10918;2;12/11/2019;CR2001
10918;1;12/11/2019;TR0035
10919;1;12/11/2019;TR0015
10919;1;12/11/2019;FR1201
10919;1;13/11/2019;FR1210
10920;1;13/11/2019;TR0025
10921;2;13/11/2019;FR1220
10921;1;13/11/2019;TR0038
10922;2;13/11/2019;FR1202
10922;1;13/11/2019;FR1209
10923;2;13/11/2019;TR0017
10923;2;13/11/2019;TR0018
10923;1;13/11/2019;TR0042
10924;1;13/11/2019;CR2010
10924;1;13/11/2019;FR1213
10924;2;13/11/2019;TR0050
10925;1;13/11/2019;FR1221
10925;2;13/11/2019;TR0027
10926;2;13/11/2019;FR1204
10926;2;13/11/2019;TR0047
10926;2;13/11/2019;CR2013
10926;2;13/11/2019;CR2011
10927;2;13/11/2019;FR1205
10927;2;13/11/2019;TR0027
10927;1;13/11/2019;TR0051
10928;2;13/11/2019;TR0022
10928;2;13/11/2019;TR0051
10929;1;13/11/2019;TR0050
10929;2;13/11/2019;TR0052
10929;2;13/11/2019;FR1206
10930;1;13/11/2019;FR1212
10930;1;13/11/2019;TR0030
10930;1;13/11/2019;TR0033
10930;1;13/11/2019;FR1206
10931;1;13/11/2019;CR2013
10931;1;13/11/2019;TR0032
10932;1;13/11/2019;FR1201
10932;1;13/11/2019;TR0050
10932;2;13/11/2019;TR0037
10932;2;13/11/2019;TR0047
10933;2;13/11/2019;TR0028
10933;1;13/11/2019;TR0036
10934;1;14/11/2019;CR2006
10935;1;14/11/2019;CR2001
10935;2;14/11/2019;FR1203
10935;2;14/11/2019;FR1208
10936;1;14/11/2019;FR1221
10937;2;14/11/2019;FR1213
10937;1;14/11/2019;FR1219
10938;1;14/11/2019;CR2013
10938;1;14/11/2019;TR0018
10938;1;14/11/2019;TR0035
10938;1;14/11/2019;TR0046
10939;2;14/11/2019;CR2002
10939;1;14/11/2019;TR0042
10940;1;14/11/2019;CR2013
10940;2;14/11/2019;CR2007
10941;1;14/11/2019;FR1216
10941;1;14/11/2019;TR0037
10941;2;14/11/2019;TR0043
10941;2;14/11/2019;TR0047
10942;1;14/11/2019;TR0024
10943;2;14/11/2019;FR1207
10943;2;14/11/2019;TR0021
10943;2;14/11/2019;CR2013
10944;2;14/11/2019;TR0019
10944;2;14/11/2019;TR0031
10944;2;14/11/2019;CR2011
10945;1;14/11/2019;CR2013
10945;2;14/11/2019;FR1216
10946;1;14/11/2019;CR2010
10946;1;14/11/2019;FR1209
10946;1;14/11/2019;TR0052
10947;2;14/11/2019;TR0034
10948;2;14/11/2019;TR0025
10948;1;14/11/2019;TR0026
10948;2;15/11/2019;TR0030
10949;2;15/11/2019;CR2006
10949;1;15/11/2019;CR2010
10949;2;15/11/2019;FR1202
10949;2;15/11/2019;TR0037
10950;2;15/11/2019;CR2004
10951;2;15/11/2019;FR1218
10951;2;15/11/2019;TR0016
10951;2;15/11/2019;TR0050
10952;2;15/11/2019;CR2006
10952;2;15/11/2019;FR1213
10953;2;15/11/2019;FR1216
10953;2;15/11/2019;FR1205
10954;1;15/11/2019;FR1201
10954;1;15/11/2019;FR1216
10954;1;15/11/2019;TR0020
10954;1;15/11/2019;TR0035
10955;2;15/11/2019;TR0050
10956;2;15/11/2019;TR0026
10956;2;15/11/2019;FR1206
10956;2;15/11/2019;TR0022
10957;2;15/11/2019;TR0039
10957;1;15/11/2019;FR1215
10957;1;15/11/2019;FR1220
10958;1;15/11/2019;CR2005
10958;2;15/11/2019;CR2007
10958;2;15/11/2019;TR0047
10959;1;15/11/2019;TR0050
10960;2;15/11/2019;FR1209
10960;1;15/11/2019;TR0016
10961;2;15/11/2019;TR0051
10961;2;15/11/2019;TR0027
10962;1;15/11/2019;CR2007
10962;2;15/11/2019;CR2013
10962;1;15/11/2019;TR0028
10962;2;15/11/2019;TR0044
10962;1;15/11/2019;TR0051
10963;2;15/11/2019;TR0035
10964;2;15/11/2019;FR1203
10964;2;15/11/2019;TR0013
10964;2;15/11/2019;TR0044
10965;2;15/11/2019;TR0026
10966;2;15/11/2019;TR0012
10966;2;15/11/2019;TR0031
10966;2;15/11/2019;TR0037
10967;1;15/11/2019;TR0024
10967;2;16/11/2019;FR1204
10968;1;16/11/2019;FR1209
10968;2;16/11/2019;TR0039
10968;1;16/11/2019;CR2012
10969;2;16/11/2019;TR0021
10970;1;16/11/2019;TR0027
10971;3;16/11/2019;FR1214
10972;2;16/11/2019;FR1202
10972;2;16/11/2019;FR1218
10973;2;16/11/2019;FR1211
10973;2;16/11/2019;TR0016
10973;2;16/11/2019;TR0050
10974;2;16/11/2019;TR0038
10975;2;16/11/2019;CR2008
10975;2;16/11/2019;TR0050
10976;1;16/11/2019;FR1213
10977;1;16/11/2019;TR0038
10977;2;16/11/2019;TR0026
10977;1;17/11/2019;TR0014
10977;1;17/11/2019;TR0022
10978;1;17/11/2019;CR2008
10978;1;17/11/2019;FR1206
10978;2;17/11/2019;TR0015
10978;2;17/11/2019;TR0019
10979;2;17/11/2019;CR2007
10979;1;17/11/2019;CR2012
10979;2;17/11/2019;FR1209
10979;1;17/11/2019;FR1212
10979;1;17/11/2019;FR1216
10979;1;17/11/2019;TR0038
10980;1;17/11/2019;TR0050
10981;2;17/11/2019;TR0013
10982;2;17/11/2019;TR0018
10982;1;17/11/2019;CR2007
10983;2;17/11/2019;CR2013
10983;2;17/11/2019;TR0032
10984;2;17/11/2019;FR1201
10984;1;17/11/2019;FR1209
10984;1;18/11/2019;FR1221
10985;1;18/11/2019;FR1217
10985;1;18/11/2019;FR1201
10985;2;18/11/2019;FR1203
10986;2;18/11/2019;TR0052
10986;2;18/11/2019;TR0051
10986;1;18/11/2019;CR2011
10986;2;18/11/2019;FR1205
10987;2;18/11/2019;CR2007
10987;2;18/11/2019;TR0018
10987;1;18/11/2019;TR0047
10988;2;18/11/2019;CR2007
10988;1;18/11/2019;TR0037
10989;2;18/11/2019;TR0016
10989;2;18/11/2019;CR2011
10989;1;19/11/2019;CR2006
10990;2;19/11/2019;FR1206
10990;2;19/11/2019;FR1219
10990;2;19/11/2019;TR0030
10990;2;19/11/2019;TR0036
10991;1;19/11/2019;TR0045
10991;2;19/11/2019;TR0051
10991;2;19/11/2019;CR2002
10992;2;19/11/2019;TR0047
10993;2;19/11/2019;FR1214
10993;1;19/11/2019;TR0016
10994;2;19/11/2019;TR0034
10995;1;19/11/2019;TR0026
10995;2;19/11/2019;TR0035
10996;1;19/11/2019;TR0017
10997;1;19/11/2019;TR0021
10997;1;19/11/2019;TR0027
10997;2;19/11/2019;FR1217
10998;2;19/11/2019;FR1209
10998;2;19/11/2019;TR0036
10998;1;19/11/2019;TR0049
10998;1;19/11/2019;TR0050
10999;1;19/11/2019;TR0016
10999;2;19/11/2019;TR0026
10999;1;19/11/2019;TR0052
11000;1;19/11/2019;CR2004
11000;1;19/11/2019;FR1209
11000;1;19/11/2019;TR0052
11001;1;19/11/2019;TR0021
11001;1;19/11/2019;FR1207
11001;2;19/11/2019;TR0030
11001;2;20/11/2019;CR2007
11002;2;20/11/2019;FR1220
11002;1;20/11/2019;TR0017
11002;1;20/11/2019;TR0030
11002;2;20/11/2019;CR2013
11003;2;20/11/2019;TR0027
11003;2;20/11/2019;CR2001
11003;2;20/11/2019;TR0015
11004;2;20/11/2019;FR1211
11004;2;20/11/2019;TR0051
11005;2;20/11/2019;CR2001
11005;2;20/11/2019;TR0034
11006;2;20/11/2019;CR2001
11006;2;20/11/2019;FR1214
11007;2;20/11/2019;FR1214
11007;1;20/11/2019;CR2008
11007;2;20/11/2019;TR0017
11008;2;20/11/2019;FR1219
11008;1;20/11/2019;TR0046
11008;2;20/11/2019;FR1213
11009;2;20/11/2019;FR1209
11009;2;20/11/2019;FR1221
11009;2;20/11/2019;TR0035
11010;1;20/11/2019;CR2007
11010;2;20/11/2019;FR1209
11011;1;20/11/2019;TR0033
11011;1;20/11/2019;TR0046
11012;1;20/11/2019;TR0035
11012;2;20/11/2019;TR0046
11012;2;20/11/2019;FR1204
11013;2;20/11/2019;FR1208
11013;2;20/11/2019;TR0017
11013;1;20/11/2019;TR0020
11013;2;20/11/2019;TR0043
11014;1;20/11/2019;TR0016
11015;2;20/11/2019;TR0052
11015;2;20/11/2019;FR1215
11016;2;20/11/2019;FR1216
11016;2;20/11/2019;FR1221
11017;1;21/11/2019;CR2003
11017;2;21/11/2019;TR0034
11017;1;21/11/2019;TR0045
11018;1;21/11/2019;CR2012
11018;2;21/11/2019;FR1203
11018;2;21/11/2019;TR0031
11019;2;21/11/2019;TR0021
11019;2;21/11/2019;TR0024
11020;1;21/11/2019;CR2010
11021;2;21/11/2019;FR1211
11021;2;21/11/2019;FR1205
11021;2;21/11/2019;CR2002
11021;1;21/11/2019;TR0026
11021;1;21/11/2019;TR0047
11022;1;21/11/2019;FR1204
11022;1;21/11/2019;TR0044
11023;2;21/11/2019;CR2007
11023;1;21/11/2019;TR0018
11024;1;21/11/2019;TR0040
11024;2;21/11/2019;TR0046
11024;1;21/11/2019;FR1218
11024;2;21/11/2019;FR1211
11025;1;21/11/2019;CR2013
11025;2;21/11/2019;CR2001
11026;2;21/11/2019;FR1203
11026;2;21/11/2019;TR0026
11027;1;21/11/2019;FR1209
11027;1;21/11/2019;TR0037
11028;1;21/11/2019;TR0030
11028;1;21/11/2019;TR0034
11029;2;21/11/2019;TR0038
11029;1;21/11/2019;TR0031
11030;2;21/11/2019;CR2002
11030;2;22/11/2019;CR2005
11030;2;22/11/2019;FR1214
11030;2;22/11/2019;TR0034
11031;1;22/11/2019;CR2001
11031;5;22/11/2019;CR2013
11031;1;22/11/2019;FR1209
11031;1;22/11/2019;TR0039
11031;2;22/11/2019;TR0046
11032;1;22/11/2019;FR1221
11032;1;22/11/2019;TR0013
11032;1;22/11/2019;TR0034
11033;2;23/11/2019;TR0028
11033;1;23/11/2019;TR0044
11034;2;23/11/2019;TR0019
11034;2;23/11/2019;TR0036
11034;2;23/11/2019;FR1206
11035;2;23/11/2019;CR2001
11035;2;23/11/2019;FR1220
11035;1;23/11/2019;TR0017
11035;2;23/11/2019;TR0029
11036;2;23/11/2019;CR2013
11036;1;23/11/2019;TR0034
11037;2;23/11/2019;TR0045
11038;1;23/11/2019;TR0046
11038;2;23/11/2019;TR0015
11038;2;23/11/2019;TR0027
11039;1;23/11/2019;FR1213
11039;1;23/11/2019;FR1220
11039;2;23/11/2019;TR0024
11039;1;23/11/2019;TR0032
11040;1;23/11/2019;FR1206
11041;1;23/11/2019;CR2002
11041;1;23/11/2019;TR0038
11042;2;23/11/2019;TR0036
11042;2;23/11/2019;TR0019
11043;2;23/11/2019;CR2011
11044;2;23/11/2019;TR0037
11045;2;23/11/2019;FR1218
11045;1;23/11/2019;TR0026
11046;2;23/11/2019;FR1217
11046;2;23/11/2019;FR1220
11046;1;23/11/2019;CR2012
11047;1;23/11/2019;CR2005
11047;1;23/11/2019;CR2001
11048;1;23/11/2019;TR0043
11049;2;23/11/2019;CR2002
11049;2;23/11/2019;CR2012
11050;2;23/11/2019;TR0051
11051;2;23/11/2019;FR1209
11052;2;23/11/2019;TR0036
11052;1;23/11/2019;TR0018
11053;1;23/11/2019;FR1203
11053;1;23/11/2019;FR1217
11053;1;23/11/2019;TR0039
11054;2;23/11/2019;FR1218
11054;1;23/11/2019;TR0042
11055;2;23/11/2019;FR1210
11055;1;23/11/2019;TR0026
11055;2;23/11/2019;FR1209
11055;1;23/11/2019;TR0032
11056;1;23/11/2019;CR2007
11056;1;23/11/2019;TR0030
11056;2;23/11/2019;TR0035
11057;2;23/11/2019;TR0045
11058;2;23/11/2019;FR1206
11058;1;23/11/2019;TR0035
11058;2;23/11/2019;TR0036
11059;1;23/11/2019;CR2013
11059;2;23/11/2019;FR1202
11059;1;23/11/2019;TR0035
11060;6;23/11/2019;TR0035
11060;2;23/11/2019;TR0052
11061;2;23/11/2019;TR0035
11062;2;23/11/2019;TR0028
11062;2;23/11/2019;TR0045
11063;1;24/11/2019;FR1219
11063;1;24/11/2019;TR0015
11063;1;24/11/2019;TR0016
11064;2;24/11/2019;TR0016
11064;2;24/11/2019;TR0043
11064;1;24/11/2019;TR0028
11064;2;24/11/2019;TR0030
11064;2;24/11/2019;FR1202
11065;2;24/11/2019;FR1215
11065;1;24/11/2019;TR0029
11066;2;24/11/2019;FR1201
11066;1;24/11/2019;FR1204
11066;1;24/11/2019;FR1219
11067;2;24/11/2019;TR0016
11068;2;24/11/2019;FR1213
11068;1;24/11/2019;TR0018
11068;1;24/11/2019;TR0052
11069;1;24/11/2019;TR0014
11070;1;24/11/2019;CR2001
11070;1;24/11/2019;FR1216
11070;1;24/11/2019;CR2002
11070;1;24/11/2019;FR1201
11071;2;24/11/2019;CR2007
11071;2;24/11/2019;CR2013
11072;2;24/11/2019;CR2002
11072;1;24/11/2019;TR0016
11072;1;24/11/2019;TR0025
11072;2;24/11/2019;TR0039
11073;2;24/11/2019;CR2011
11073;1;24/11/2019;FR1209
11074;2;24/11/2019;FR1201
11075;1;24/11/2019;TR0021
11075;2;24/11/2019;TR0051
11075;2;24/11/2019;CR2002
11076;1;24/11/2019;CR2006
11076;1;24/11/2019;CR2014
11076;2;24/11/2019;FR1204
11077;2;24/11/2019;CR2003
11077;2;24/11/2019;TR0016
11077;4;24/11/2019;TR0021
11077;2;25/11/2019;TR0027
11077;2;25/11/2019;TR0030
11077;2;25/11/2019;TR0035
11077;2;25/11/2019;TR0039
11077;1;25/11/2019;TR0041
11077;2;25/11/2019;TR0050
11077;2;25/11/2019;TR0052
11077;2;25/11/2019;TR0014
11077;2;25/11/2019;TR0048
11077;1;25/11/2019;CR2007
11077;1;25/11/2019;CR2002
11077;1;25/11/2019;CR2006
11077;1;25/11/2019;CR2004
11077;1;25/11/2019;FR1217
11077;2;25/11/2019;CR2008
11077;1;25/11/2019;CR2010
11077;2;25/11/2019;CR2012
11077;2;25/11/2019;CR2013
11077;1;26/11/2019;CR2014
11077;2;26/11/2019;FR1201
11077;1;26/11/2019;FR1205
11077;2;26/11/2019;FR1208
11078;2;26/11/2019;TR0023
11078;2;26/11/2019;TR0033
11078;1;26/11/2019;CR2014
11079;2;26/11/2019;TR0023
11080;1;26/11/2019;FR1212
11080;2;26/11/2019;TR0013
11081;2;26/11/2019;TR0023
11082;3;26/11/2019;CR2004
